metric,n,mean,sd,cv,median,min,max,range,q25,q75,iqr,ci_lower,ci_upper,ci_width,shapiro_stat,shapiro_p,is_normal
Move Accuracy,50,0.8363295880149814,0.022154371977274885,2.649000142379039,0.8426966292134831,0.7752808988764045,0.8764044943820225,0.101123595505618,0.8239700374531835,0.850187265917603,0.02621722846441943,0.8300333851635571,0.8426257908664057,0.012592405702848586,0.9397446080873202,0.013163009717907504,False
Step Accuracy,50,0.5814981273408241,0.023344298514393676,4.014509663366682,0.5805243445692884,0.5168539325842697,0.6292134831460674,0.1123595505617977,0.5655430711610487,0.598314606741573,0.03277153558052426,0.5748637511092798,0.5881325035723683,0.013268752463088562,0.9888176795857871,0.914739659859304,True
Move F1,50,0.8336196942200976,0.021082343875976375,2.529012212901256,0.839637760510787,0.7765652246432849,0.8734682235755332,0.0969029989322483,0.8212945166131616,0.8466104660803248,0.0253159494671632,0.8276281583840654,0.8396112300561298,0.01198307167206436,0.9531405564385529,0.0459807138750348,False
Step F1,50,0.5629740655849838,0.02068388777642989,3.6740391859680708,0.5638348629620268,0.5122012209548139,0.6067468108568504,0.09454558990203654,0.5484324228953488,0.5765213163250735,0.02808889342972476,0.5570957697194958,0.5688523614504717,0.011756591730975874,0.9885105946540662,0.9053675528356209,True
