condition,total_sentences,mean_agreement,median_agreement,sd_agreement,min_agreement,max_agreement,high_consistency_pct,moderate_consistency_pct,uncertain_pct,problematic_pct,mean_entropy
zero_shot_move,34,0.8409841269841271,0.8452857142857142,0.1358773272350064,0.4688888888888889,1.0,35.294117647058826,52.94117647058824,11.76470588235294,0.0,0.9638661343380287
fine_tuned_move,34,0.8473543417366945,0.84125,0.11331600354303169,0.5511111111111111,1.0,35.294117647058826,55.88235294117647,8.823529411764707,0.0,0.9234940723351852
zero_shot_step,34,0.4879507469654528,0.5065555555555555,0.20364386074106813,0.028,0.92,2.941176470588235,8.823529411764707,70.58823529411765,17.647058823529413,1.9360383924391873
fine_tuned_step,34,0.5708466386554623,0.5727142857142857,0.1863344796212809,0.188,0.956,5.88235294117647,17.647058823529413,67.64705882352942,8.823529411764707,1.7365999772175136
