metric,var_zero_shot,var_fine_tuned,var_ratio,levene_statistic,levene_p_value,significant,f_statistic,f_p_value
move_accuracy,0.00015832411279114174,0.00046732385788902204,0.33878885085456056,22.907242119534292,3.320126214578214e-06,True,2.951690994191814,1.534303182282315e-07
step_accuracy,0.00036155435599950227,0.0006405269431823316,0.5644639305931315,7.053788269250598,0.008554167483823465,True,1.7715923831469849,0.00481816325978901
move_f1,0.00011557698531348936,0.0004299141037908488,0.26883738936305523,37.1828287599898,5.538644721771473e-09,True,3.719720692011095,2.8752222824834917e-10
step_f1,0.0003516753187825744,0.0005864672693618237,0.5996503763377231,6.483725556384353,0.011647300145667868,True,1.6676384097469488,0.011595695155662167
