metric,var_zero_shot,var_fine_tuned,var_ratio,levene_statistic,levene_p_value,significant,f_statistic,f_p_value
move_accuracy,0.00014082374101852206,0.0004908161977074627,0.2869174686497533,8.051451475286143,0.005526190949758711,True,3.4853228167181514,2.4606944406313502e-05
step_accuracy,0.0003176263561857014,0.0005449562731291228,0.5828474170265079,3.926122266845153,0.050343210306611805,False,1.7157149037421573,0.061675912699744595
move_f1,0.00010300767435454163,0.0004444652233049185,0.23175643211994296,14.035066243932809,0.0003031629454605917,True,4.314874848791516,1.0119897690952229e-06
step_f1,0.0003534317524505596,0.00042782321354794585,0.8261163519378566,0.7203757143547435,0.3980891544200992,False,1.2104832420448488,0.5062650183987336
