metric,mean_zero_shot,mean_fine_tuned,mean_difference,ci_lower,ci_upper,t_statistic,t_p_value,degrees_of_freedom,cohens_d,effect_size_interpretation,significant
move_accuracy,0.8200749063670412,0.8363295880149814,-0.016254681647940195,-0.023335172460285974,-0.009174190835594415,-4.573289340288737,1.8601369214434305e-05,74.97925704259376,-0.9146578680577473,Large,True
step_accuracy,0.4855430711610486,0.5814981273408241,-0.09595505617977546,-0.10420472470206972,-0.08770538765748119,-23.102156001115574,5.4803000926065455e-40,91.63534606589553,-4.6204312002231145,Large,True
move_f1,0.8326056733676852,0.8336196942200976,-0.0010140208524124228,-0.007612694682653764,0.005584652977828918,-0.30644361425975936,0.7601694204083125,70.55441995295338,-0.061288722851951874,Negligible,False
step_f1,0.49710262331022576,0.5629740655849838,-0.065871442274758,-0.07371665261939772,-0.05802623193011827,-16.664250264996397,3.0894502380110712e-30,97.1194243038979,-3.3328500529992793,Large,True
