metric,n,mean,sd,cv,median,min,max,range,q25,q75,iqr,ci_lower,ci_upper,ci_width,shapiro_stat,shapiro_p,is_normal
Move Accuracy,50,0.791385767790262,0.01630353021422427,2.060124262753375,0.7902621722846442,0.7490636704119851,0.8202247191011236,0.07116104868913853,0.7827715355805244,0.8043071161048689,0.021535580524344566,0.7867523557698999,0.7960191798106242,0.00926682404072432,0.9737577605793722,0.3268315984659403,True
Step Accuracy,50,0.49363295880149816,0.01654320474450541,3.3513168943724922,0.49812734082397003,0.44569288389513106,0.5280898876404494,0.08239700374531833,0.48314606741573035,0.5056179775280899,0.02247191011235955,0.4889314320332877,0.4983344855697086,0.009403053536420902,0.9663392828213928,0.16363651239569027,True
Move F1,50,0.8103875449409105,0.013691985827054455,1.6895602496028992,0.8098215432758451,0.7753860151226062,0.8349536881293592,0.05956767300675303,0.8015589780508918,0.8206493205824791,0.019090342531587257,0.8064963256233695,0.8142787642584515,0.00778243863508199,0.9776474821494602,0.45757767209305766,True
Step F1,50,0.5094968152377556,0.015292584448255724,3.001507367836926,0.5116707647688015,0.4619285960767969,0.5416664063577803,0.07973781028098337,0.49960354027307846,0.5191677126301216,0.019564172357043164,0.5051507108251584,0.5138429196503528,0.008692208825194392,0.9775883352155115,0.4553427610152481,True
