{
  "condition": "three_shot",
  "dataset": "test",
  "research_question": "rq1",
  "total_articles": 10,
  "total_sentences": 267,
  "move_metrics": {
    "accuracy": 0.7265917602996255,
    "weighted_precision": 0.821576531804934,
    "weighted_recall": 0.7265917602996255,
    "weighted_f1": 0.7506444865995429,
    "per_class": {
      "1": {
        "precision": 0.916030534351145,
        "recall": 0.6779661016949152,
        "f1": 0.7792207792207793,
        "support": 177
      },
      "2": {
        "precision": 0.36470588235294116,
        "recall": 0.7948717948717948,
        "f1": 0.5,
        "support": 39
      },
      "3": {
        "precision": 0.8431372549019608,
        "recall": 0.8431372549019608,
        "f1": 0.8431372549019608,
        "support": 51
      }
    }
  },
  "step_metrics": {
    "accuracy": 0.449438202247191,
    "weighted_precision": 0.5342846492755748,
    "weighted_recall": 0.449438202247191,
    "weighted_f1": 0.4641673649386015,
    "per_class": {
      "1a": {
        "precision": 0.6363636363636364,
        "recall": 0.3333333333333333,
        "f1": 0.4375,
        "support": 21
      },
      "1b": {
        "precision": 0.425,
        "recall": 0.37777777777777777,
        "f1": 0.4,
        "support": 45
      },
      "1c": {
        "precision": 0.725,
        "recall": 0.5225225225225225,
        "f1": 0.6073298429319371,
        "support": 111
      },
      "2a": {
        "precision": 0.0,
        "recall": 0.0,
        "f1": 0.0,
        "support": 5
      },
      "2b": {
        "precision": 0.36,
        "recall": 0.782608695652174,
        "f1": 0.4931506849315068,
        "support": 23
      },
      "2c": {
        "precision": 0.06896551724137931,
        "recall": 0.5,
        "f1": 0.12121212121212122,
        "support": 4
      },
      "2d": {
        "precision": 0.0,
        "recall": 0.0,
        "f1": 0.0,
        "support": 7
      },
      "3a": {
        "precision": 0.15789473684210525,
        "recall": 0.3,
        "f1": 0.20689655172413793,
        "support": 10
      },
      "3b": {
        "precision": 0.48148148148148145,
        "recall": 0.5416666666666666,
        "f1": 0.5098039215686274,
        "support": 24
      },
      "3c": {
        "precision": 0.5,
        "recall": 0.125,
        "f1": 0.2,
        "support": 16
      },
      "3d": {
        "precision": 0.0,
        "recall": 0.0,
        "f1": 0.0,
        "support": 1
      }
    }
  }
}