metric,mean_zero_shot,mean_fine_tuned,mean_difference,ci_lower,ci_upper,t_statistic,t_p_value,degrees_of_freedom,cohens_d,effect_size_interpretation,significant
move_accuracy,0.8176404494382021,0.8336704119850187,-0.016029962546816545,-0.020969970580678392,-0.011089954512954699,-6.408663778348254,1.586587619298639e-09,159.1735945284933,-0.9063219232029305,Large,True
step_accuracy,0.4804119850187266,0.5797378277153559,-0.09932584269662925,-0.10557137211926695,-0.09308031327399155,-31.376953901656183,9.99393957835505e-76,183.75823071362282,-4.437371375367758,Large,True
move_f1,0.8306645377454224,0.831176460212684,-0.0005119224672616163,-0.0051271405810719775,0.004103295646548745,-0.2191847629366767,0.8268068109076631,148.64199993090847,-0.030997406441057997,Negligible,False
step_f1,0.49215371415555204,0.5610186477908128,-0.06886493363526075,-0.07490737561867639,-0.06282249165184511,-22.4834890643133,5.695940158452255e-55,186.32897247814716,-3.1796455164219037,Large,True
