condition,total_sentences,mean_agreement,median_agreement,sd_agreement,min_agreement,max_agreement,high_consistency_pct,moderate_consistency_pct,uncertain_pct,problematic_pct,mean_entropy
zero_shot_move,34,0.8387764939309058,0.8439285714285714,0.1367252657223133,0.46444444444444444,1.0,35.294117647058826,52.94117647058824,11.76470588235294,0.0,0.970256114887552
fine_tuned_move,34,0.8448363678804856,0.8352083333333333,0.11206341940692714,0.56,1.0,35.294117647058826,58.82352941176471,5.88235294117647,0.0,0.9314860702802099
zero_shot_step,34,0.4833270308123249,0.5038750000000001,0.20043761090423362,0.024,0.91,2.941176470588235,8.823529411764707,70.58823529411765,17.647058823529413,1.9405728881234183
fine_tuned_step,34,0.5687798786181139,0.562857142857143,0.18572777427714843,0.19,0.958,5.88235294117647,17.647058823529413,67.64705882352942,8.823529411764707,1.7508562836419277
