{
  "condition": "eight_shot",
  "dataset": "test",
  "research_question": "rq1",
  "total_articles": 10,
  "total_sentences": 267,
  "move_metrics": {
    "accuracy": 0.7715355805243446,
    "weighted_precision": 0.8402472737019342,
    "weighted_recall": 0.7715355805243446,
    "weighted_f1": 0.7909764914698859,
    "per_class": {
      "1": {
        "precision": 0.9295774647887324,
        "recall": 0.7457627118644068,
        "f1": 0.8275862068965517,
        "support": 177
      },
      "2": {
        "precision": 0.40540540540540543,
        "recall": 0.7692307692307693,
        "f1": 0.5309734513274337,
        "support": 39
      },
      "3": {
        "precision": 0.8627450980392157,
        "recall": 0.8627450980392157,
        "f1": 0.8627450980392157,
        "support": 51
      }
    }
  },
  "step_metrics": {
    "accuracy": 0.5056179775280899,
    "weighted_precision": 0.5826165269236242,
    "weighted_recall": 0.5056179775280899,
    "weighted_f1": 0.5311454850475388,
    "per_class": {
      "1a": {
        "precision": 0.6470588235294118,
        "recall": 0.5238095238095238,
        "f1": 0.5789473684210527,
        "support": 21
      },
      "1b": {
        "precision": 0.4358974358974359,
        "recall": 0.37777777777777777,
        "f1": 0.40476190476190477,
        "support": 45
      },
      "1c": {
        "precision": 0.8023255813953488,
        "recall": 0.6216216216216216,
        "f1": 0.700507614213198,
        "support": 111
      },
      "2a": {
        "precision": 0.0,
        "recall": 0.0,
        "f1": 0.0,
        "support": 5
      },
      "2b": {
        "precision": 0.47368421052631576,
        "recall": 0.782608695652174,
        "f1": 0.5901639344262295,
        "support": 23
      },
      "2c": {
        "precision": 0.037037037037037035,
        "recall": 0.25,
        "f1": 0.06451612903225806,
        "support": 4
      },
      "2d": {
        "precision": 0.0,
        "recall": 0.0,
        "f1": 0.0,
        "support": 7
      },
      "3a": {
        "precision": 0.14285714285714285,
        "recall": 0.3,
        "f1": 0.1935483870967742,
        "support": 10
      },
      "3b": {
        "precision": 0.5714285714285714,
        "recall": 0.5,
        "f1": 0.5333333333333333,
        "support": 24
      },
      "3c": {
        "precision": 0.4444444444444444,
        "recall": 0.25,
        "f1": 0.32,
        "support": 16
      },
      "3d": {
        "precision": 0.0,
        "recall": 0.0,
        "f1": 0.0,
        "support": 1
      }
    }
  }
}