{
  "condition": "zero_shot",
  "dataset": "test",
  "research_question": "rq1",
  "total_articles": 10,
  "total_sentences": 267,
  "move_metrics": {
    "accuracy": 0.8277153558052435,
    "weighted_precision": 0.8600084153956893,
    "weighted_recall": 0.8277153558052435,
    "weighted_f1": 0.8385148620980206,
    "per_class": {
      "1": {
        "precision": 0.9192546583850931,
        "recall": 0.8361581920903954,
        "f1": 0.8757396449704142,
        "support": 177
      },
      "2": {
        "precision": 0.4915254237288136,
        "recall": 0.7435897435897436,
        "f1": 0.5918367346938775,
        "support": 39
      },
      "3": {
        "precision": 0.9361702127659575,
        "recall": 0.8627450980392157,
        "f1": 0.8979591836734694,
        "support": 51
      }
    }
  },
  "step_metrics": {
    "accuracy": 0.49812734082397003,
    "weighted_precision": 0.5783348316371062,
    "weighted_recall": 0.49812734082397003,
    "weighted_f1": 0.5102426419229128,
    "per_class": {
      "1a": {
        "precision": 0.45454545454545453,
        "recall": 0.47619047619047616,
        "f1": 0.46511627906976744,
        "support": 21
      },
      "1b": {
        "precision": 0.38461538461538464,
        "recall": 0.5555555555555556,
        "f1": 0.45454545454545453,
        "support": 45
      },
      "1c": {
        "precision": 0.7972972972972973,
        "recall": 0.5315315315315315,
        "f1": 0.6378378378378379,
        "support": 111
      },
      "2a": {
        "precision": 0.0,
        "recall": 0.0,
        "f1": 0.0,
        "support": 5
      },
      "2b": {
        "precision": 0.36585365853658536,
        "recall": 0.6521739130434783,
        "f1": 0.46875,
        "support": 23
      },
      "2c": {
        "precision": 0.13333333333333333,
        "recall": 0.5,
        "f1": 0.21052631578947367,
        "support": 4
      },
      "2d": {
        "precision": 0.0,
        "recall": 0.0,
        "f1": 0.0,
        "support": 7
      },
      "3a": {
        "precision": 0.23809523809523808,
        "recall": 0.5,
        "f1": 0.3225806451612903,
        "support": 10
      },
      "3b": {
        "precision": 0.6,
        "recall": 0.5,
        "f1": 0.5454545454545454,
        "support": 24
      },
      "3c": {
        "precision": 0.8333333333333334,
        "recall": 0.3125,
        "f1": 0.45454545454545453,
        "support": 16
      },
      "3d": {
        "precision": 0.0,
        "recall": 0.0,
        "f1": 0.0,
        "support": 1
      }
    }
  }
}