condition_zs,move,n_sentences_zs,n_runs_zs,mean_accuracy_zs,sd_accuracy_zs,cv_zs,median_zs,min_zs,max_zs,range_zs,condition_ft,n_sentences_ft,n_runs_ft,mean_accuracy_ft,sd_accuracy_ft,cv_ft,median_ft,min_ft,max_ft,range_ft,cv_diff,accuracy_diff,more_consistent
zero_shot,M1,29,100,0.822316384180791,0.018440976031330516,2.242564587801787,0.8248587570621468,0.7740112994350282,0.8587570621468926,0.0847457627118644,fine_tuned,29,100,0.8777401129943502,0.02755549901807226,3.139368773299942,0.8813559322033898,0.8022598870056498,0.9322033898305084,0.12994350282485867,-0.896804185498155,-0.05542372881355917,Zero-shot
zero_shot,M2,22,100,0.7571794871794872,0.02260003966397127,2.984766498120147,0.7692307692307693,0.6666666666666666,0.7948717948717948,0.1282051282051282,fine_tuned,22,100,0.521025641025641,0.05317410934288398,10.205660749864546,0.5128205128205128,0.41025641025641024,0.6410256410256411,0.23076923076923084,-7.220894251744399,0.23615384615384627,Zero-shot
zero_shot,M3,21,100,0.8476470588235294,0.009182102538799995,1.0832459622456623,0.8431372549019608,0.8235294117647058,0.8823529411764706,0.05882352941176472,fine_tuned,21,100,0.9198039215686277,0.03882705030138338,4.221231220146135,0.9215686274509803,0.8431372549019608,1.0,0.1568627450980392,-3.137985257900472,-0.07215686274509825,Zero-shot
