condition,step,move,n_sentences,n_runs,mean_accuracy,sd_accuracy,cv,median,min,max,range
fine_tuned,1b,1,14,100,0.3315555555555555,0.05375812869741202,16.213912810881645,0.3333333333333333,0.17777777777777778,0.4888888888888889,0.3111111111111111
fine_tuned,1c,1,27,100,0.8275675675675674,0.044228100106241536,5.344349131061192,0.8288288288288288,0.6486486486486487,0.9099099099099099,0.26126126126126126
fine_tuned,2b,2,19,100,0.5469565217391303,0.07497111395001485,13.706960420114006,0.5652173913043478,0.34782608695652173,0.7391304347826086,0.3913043478260869
fine_tuned,3b,3,15,100,0.6362500000000001,0.11960216859138495,18.797983275659714,0.625,0.2916666666666667,0.9166666666666666,0.625
fine_tuned,3c,3,10,100,0.344375,0.20130081233182975,58.45395639399775,0.3125,0.0,0.875,0.875
