condition,move,n_sentences,n_runs,mean_accuracy,sd_accuracy,cv,median,min,max,range
fine_tuned,M1,29,100,0.8777401129943502,0.02755549901807226,3.139368773299942,0.8813559322033898,0.8022598870056498,0.9322033898305084,0.12994350282485867
fine_tuned,M2,22,100,0.521025641025641,0.05317410934288398,10.205660749864546,0.5128205128205128,0.41025641025641024,0.6410256410256411,0.23076923076923084
fine_tuned,M3,21,100,0.9198039215686277,0.03882705030138338,4.221231220146135,0.9215686274509803,0.8431372549019608,1.0,0.1568627450980392
