condition,move,n_sentences,n_runs,mean_accuracy,sd_accuracy,cv,median,min,max,range
zero_shot,M1,29,100,0.822316384180791,0.018440976031330516,2.242564587801787,0.8248587570621468,0.7740112994350282,0.8587570621468926,0.0847457627118644
zero_shot,M2,22,100,0.7571794871794872,0.02260003966397127,2.984766498120147,0.7692307692307693,0.6666666666666666,0.7948717948717948,0.1282051282051282
zero_shot,M3,21,100,0.8476470588235294,0.009182102538799995,1.0832459622456623,0.8431372549019608,0.8235294117647058,0.8823529411764706,0.05882352941176472
