{
  "condition": "eight_shot",
  "dataset": "test",
  "research_question": "rq1",
  "total_articles": 10,
  "total_sentences": 267,
  "move_metrics": {
    "accuracy": 0.7677902621722846,
    "weighted_precision": 0.8237688417304824,
    "weighted_recall": 0.7677902621722846,
    "weighted_f1": 0.783253833651332,
    "per_class": {
      "1": {
        "precision": 0.9230769230769231,
        "recall": 0.7457627118644068,
        "f1": 0.825,
        "support": 177
      },
      "2": {
        "precision": 0.417910447761194,
        "recall": 0.717948717948718,
        "f1": 0.5283018867924528,
        "support": 39
      },
      "3": {
        "precision": 0.7894736842105263,
        "recall": 0.8823529411764706,
        "f1": 0.8333333333333334,
        "support": 51
      }
    }
  },
  "step_metrics": {
    "accuracy": 0.49812734082397003,
    "weighted_precision": 0.551733419134929,
    "weighted_recall": 0.49812734082397003,
    "weighted_f1": 0.5095257951595364,
    "per_class": {
      "1a": {
        "precision": 0.6923076923076923,
        "recall": 0.42857142857142855,
        "f1": 0.5294117647058824,
        "support": 21
      },
      "1b": {
        "precision": 0.375,
        "recall": 0.26666666666666666,
        "f1": 0.3116883116883117,
        "support": 45
      },
      "1c": {
        "precision": 0.7346938775510204,
        "recall": 0.6486486486486487,
        "f1": 0.6889952153110048,
        "support": 111
      },
      "2a": {
        "precision": 0.1111111111111111,
        "recall": 0.2,
        "f1": 0.14285714285714285,
        "support": 5
      },
      "2b": {
        "precision": 0.36585365853658536,
        "recall": 0.6521739130434783,
        "f1": 0.46875,
        "support": 23
      },
      "2c": {
        "precision": 0.058823529411764705,
        "recall": 0.25,
        "f1": 0.09523809523809523,
        "support": 4
      },
      "2d": {
        "precision": 0.0,
        "recall": 0.0,
        "f1": 0.0,
        "support": 7
      },
      "3a": {
        "precision": 0.16,
        "recall": 0.4,
        "f1": 0.22857142857142856,
        "support": 10
      },
      "3b": {
        "precision": 0.6,
        "recall": 0.625,
        "f1": 0.6122448979591837,
        "support": 24
      },
      "3c": {
        "precision": 0.5714285714285714,
        "recall": 0.25,
        "f1": 0.34782608695652173,
        "support": 16
      },
      "3d": {
        "precision": 0.0,
        "recall": 0.0,
        "f1": 0.0,
        "support": 1
      }
    }
  }
}