{
  "condition": "three_shot",
  "dataset": "test",
  "research_question": "rq1",
  "total_articles": 10,
  "total_sentences": 267,
  "move_metrics": {
    "accuracy": 0.7453183520599251,
    "weighted_precision": 0.8388361274597229,
    "weighted_recall": 0.7453183520599251,
    "weighted_f1": 0.7707434081098099,
    "per_class": {
      "1": {
        "precision": 0.9259259259259259,
        "recall": 0.7062146892655368,
        "f1": 0.8012820512820513,
        "support": 177
      },
      "2": {
        "precision": 0.36904761904761907,
        "recall": 0.7948717948717948,
        "f1": 0.5040650406504065,
        "support": 39
      },
      "3": {
        "precision": 0.8958333333333334,
        "recall": 0.8431372549019608,
        "f1": 0.8686868686868687,
        "support": 51
      }
    }
  },
  "step_metrics": {
    "accuracy": 0.4794007490636704,
    "weighted_precision": 0.5841481564261484,
    "weighted_recall": 0.4794007490636704,
    "weighted_f1": 0.4929471189121226,
    "per_class": {
      "1a": {
        "precision": 0.5333333333333333,
        "recall": 0.38095238095238093,
        "f1": 0.4444444444444444,
        "support": 21
      },
      "1b": {
        "precision": 0.5263157894736842,
        "recall": 0.4444444444444444,
        "f1": 0.4819277108433735,
        "support": 45
      },
      "1c": {
        "precision": 0.7560975609756098,
        "recall": 0.5585585585585585,
        "f1": 0.6424870466321243,
        "support": 111
      },
      "2a": {
        "precision": 0.0,
        "recall": 0.0,
        "f1": 0.0,
        "support": 5
      },
      "2b": {
        "precision": 0.2857142857142857,
        "recall": 0.6956521739130435,
        "f1": 0.4050632911392405,
        "support": 23
      },
      "2c": {
        "precision": 0.07407407407407407,
        "recall": 0.5,
        "f1": 0.12903225806451613,
        "support": 4
      },
      "2d": {
        "precision": 0.0,
        "recall": 0.0,
        "f1": 0.0,
        "support": 7
      },
      "3a": {
        "precision": 0.1875,
        "recall": 0.3,
        "f1": 0.23076923076923078,
        "support": 10
      },
      "3b": {
        "precision": 0.5172413793103449,
        "recall": 0.625,
        "f1": 0.5660377358490566,
        "support": 24
      },
      "3c": {
        "precision": 1.0,
        "recall": 0.125,
        "f1": 0.2222222222222222,
        "support": 16
      },
      "3d": {
        "precision": 0.0,
        "recall": 0.0,
        "f1": 0.0,
        "support": 1
      }
    }
  }
}