{
  "condition": "zero_shot",
  "dataset": "test",
  "research_question": "rq1",
  "total_articles": 10,
  "total_sentences": 267,
  "move_metrics": {
    "accuracy": 0.7677902621722846,
    "weighted_precision": 0.8400910535962186,
    "weighted_recall": 0.7677902621722846,
    "weighted_f1": 0.7890375340289018,
    "per_class": {
      "1": {
        "precision": 0.9166666666666666,
        "recall": 0.7457627118644068,
        "f1": 0.822429906542056,
        "support": 177
      },
      "2": {
        "precision": 0.39473684210526316,
        "recall": 0.7692307692307693,
        "f1": 0.5217391304347826,
        "support": 39
      },
      "3": {
        "precision": 0.9148936170212766,
        "recall": 0.8431372549019608,
        "f1": 0.8775510204081632,
        "support": 51
      }
    }
  },
  "step_metrics": {
    "accuracy": 0.4606741573033708,
    "weighted_precision": 0.538951558120668,
    "weighted_recall": 0.4606741573033708,
    "weighted_f1": 0.4803484795163506,
    "per_class": {
      "1a": {
        "precision": 0.38095238095238093,
        "recall": 0.38095238095238093,
        "f1": 0.38095238095238093,
        "support": 21
      },
      "1b": {
        "precision": 0.45714285714285713,
        "recall": 0.35555555555555557,
        "f1": 0.4,
        "support": 45
      },
      "1c": {
        "precision": 0.7272727272727273,
        "recall": 0.5765765765765766,
        "f1": 0.6432160804020101,
        "support": 111
      },
      "2a": {
        "precision": 0.1111111111111111,
        "recall": 0.2,
        "f1": 0.14285714285714285,
        "support": 5
      },
      "2b": {
        "precision": 0.32558139534883723,
        "recall": 0.6086956521739131,
        "f1": 0.42424242424242425,
        "support": 23
      },
      "2c": {
        "precision": 0.043478260869565216,
        "recall": 0.25,
        "f1": 0.07407407407407407,
        "support": 4
      },
      "2d": {
        "precision": 0.0,
        "recall": 0.0,
        "f1": 0.0,
        "support": 7
      },
      "3a": {
        "precision": 0.21052631578947367,
        "recall": 0.4,
        "f1": 0.27586206896551724,
        "support": 10
      },
      "3b": {
        "precision": 0.4782608695652174,
        "recall": 0.4583333333333333,
        "f1": 0.46808510638297873,
        "support": 24
      },
      "3c": {
        "precision": 0.8,
        "recall": 0.25,
        "f1": 0.38095238095238093,
        "support": 16
      },
      "3d": {
        "precision": 0.0,
        "recall": 0.0,
        "f1": 0.0,
        "support": 1
      }
    }
  }
}