{
  "condition": "fine_tuned",
  "dataset": "test",
  "research_question": "rq1",
  "total_articles": 10,
  "total_sentences": 267,
  "move_metrics": {
    "accuracy": 0.8389513108614233,
    "weighted_precision": 0.8526186256814872,
    "weighted_recall": 0.8389513108614233,
    "weighted_f1": 0.8425817922322691,
    "per_class": {
      "1": {
        "precision": 0.937888198757764,
        "recall": 0.8531073446327684,
        "f1": 0.893491124260355,
        "support": 177
      },
      "2": {
        "precision": 0.5681818181818182,
        "recall": 0.6410256410256411,
        "f1": 0.6024096385542169,
        "support": 39
      },
      "3": {
        "precision": 0.7741935483870968,
        "recall": 0.9411764705882353,
        "f1": 0.8495575221238938,
        "support": 51
      }
    }
  },
  "step_metrics": {
    "accuracy": 0.5205992509363296,
    "weighted_precision": 0.5355762220031212,
    "weighted_recall": 0.5205992509363296,
    "weighted_f1": 0.5159033421210146,
    "per_class": {
      "1a": {
        "precision": 0.46875,
        "recall": 0.7142857142857143,
        "f1": 0.5660377358490566,
        "support": 21
      },
      "1b": {
        "precision": 0.5,
        "recall": 0.3111111111111111,
        "f1": 0.3835616438356164,
        "support": 45
      },
      "1c": {
        "precision": 0.6633663366336634,
        "recall": 0.6036036036036037,
        "f1": 0.6320754716981132,
        "support": 111
      },
      "2a": {
        "precision": 0.0,
        "recall": 0.0,
        "f1": 0.0,
        "support": 5
      },
      "2b": {
        "precision": 0.52,
        "recall": 0.5652173913043478,
        "f1": 0.5416666666666666,
        "support": 23
      },
      "2c": {
        "precision": 0.13333333333333333,
        "recall": 0.5,
        "f1": 0.21052631578947367,
        "support": 4
      },
      "2d": {
        "precision": 0.0,
        "recall": 0.0,
        "f1": 0.0,
        "support": 7
      },
      "3a": {
        "precision": 0.2222222222222222,
        "recall": 0.4,
        "f1": 0.2857142857142857,
        "support": 10
      },
      "3b": {
        "precision": 0.5294117647058824,
        "recall": 0.75,
        "f1": 0.6206896551724138,
        "support": 24
      },
      "3c": {
        "precision": 0.6,
        "recall": 0.375,
        "f1": 0.46153846153846156,
        "support": 16
      },
      "3d": {
        "precision": 0.0,
        "recall": 0.0,
        "f1": 0.0,
        "support": 1
      }
    }
  }
}