{
  "condition": "eight_shot",
  "dataset": "validation",
  "research_question": "rq1",
  "total_articles": 10,
  "total_sentences": 204,
  "move_metrics": {
    "accuracy": 0.8774509803921569,
    "weighted_precision": 0.8756181680702435,
    "weighted_recall": 0.8774509803921569,
    "weighted_f1": 0.8738043284758781,
    "per_class": {
      "1": {
        "precision": 0.8805970149253731,
        "recall": 0.959349593495935,
        "f1": 0.9182879377431906,
        "support": 123
      },
      "2": {
        "precision": 0.7391304347826086,
        "recall": 0.6071428571428571,
        "f1": 0.6666666666666666,
        "support": 28
      },
      "3": {
        "precision": 0.9361702127659575,
        "recall": 0.8301886792452831,
        "f1": 0.88,
        "support": 53
      }
    }
  },
  "step_metrics": {
    "accuracy": 0.5147058823529411,
    "weighted_precision": 0.4960611284140695,
    "weighted_recall": 0.5147058823529411,
    "weighted_f1": 0.49616717342207545,
    "per_class": {
      "1a": {
        "precision": 0.5454545454545454,
        "recall": 0.4,
        "f1": 0.46153846153846156,
        "support": 15
      },
      "1b": {
        "precision": 0.5128205128205128,
        "recall": 0.47619047619047616,
        "f1": 0.49382716049382713,
        "support": 42
      },
      "1c": {
        "precision": 0.6309523809523809,
        "recall": 0.803030303030303,
        "f1": 0.7066666666666667,
        "support": 66
      },
      "2a": {
        "precision": 0.0,
        "recall": 0.0,
        "f1": 0.0,
        "support": 13
      },
      "2b": {
        "precision": 0.1875,
        "recall": 0.375,
        "f1": 0.25,
        "support": 8
      },
      "2c": {
        "precision": 0.0,
        "recall": 0.0,
        "f1": 0.0,
        "support": 6
      },
      "2d": {
        "precision": 0.0,
        "recall": 0.0,
        "f1": 0.0,
        "support": 1
      },
      "3a": {
        "precision": 0.2777777777777778,
        "recall": 0.4166666666666667,
        "f1": 0.3333333333333333,
        "support": 12
      },
      "3b": {
        "precision": 0.42857142857142855,
        "recall": 0.2857142857142857,
        "f1": 0.34285714285714286,
        "support": 21
      },
      "3c": {
        "precision": 0.8,
        "recall": 0.6,
        "f1": 0.6857142857142857,
        "support": 20
      },
      "3d": {
        "precision": 0.0,
        "recall": 0.0,
        "f1": 0.0,
        "support": 0
      }
    }
  }
}