{
  "condition": "eight_shot",
  "dataset": "validation",
  "research_question": "rq1",
  "total_articles": 10,
  "total_sentences": 204,
  "move_metrics": {
    "accuracy": 0.8382352941176471,
    "weighted_precision": 0.8592950223567688,
    "weighted_recall": 0.8382352941176471,
    "weighted_f1": 0.844963475586313,
    "per_class": {
      "1": {
        "precision": 0.9130434782608695,
        "recall": 0.8536585365853658,
        "f1": 0.8823529411764706,
        "support": 123
      },
      "2": {
        "precision": 0.55,
        "recall": 0.7857142857142857,
        "f1": 0.6470588235294118,
        "support": 28
      },
      "3": {
        "precision": 0.8979591836734694,
        "recall": 0.8301886792452831,
        "f1": 0.8627450980392157,
        "support": 53
      }
    }
  },
  "step_metrics": {
    "accuracy": 0.4852941176470588,
    "weighted_precision": 0.5337269642414821,
    "weighted_recall": 0.4852941176470588,
    "weighted_f1": 0.49117483456108135,
    "per_class": {
      "1a": {
        "precision": 0.3333333333333333,
        "recall": 0.4666666666666667,
        "f1": 0.3888888888888889,
        "support": 15
      },
      "1b": {
        "precision": 0.52,
        "recall": 0.30952380952380953,
        "f1": 0.3880597014925373,
        "support": 42
      },
      "1c": {
        "precision": 0.6811594202898551,
        "recall": 0.7121212121212122,
        "f1": 0.6962962962962963,
        "support": 66
      },
      "2a": {
        "precision": 0.3333333333333333,
        "recall": 0.07692307692307693,
        "f1": 0.125,
        "support": 13
      },
      "2b": {
        "precision": 0.2727272727272727,
        "recall": 0.75,
        "f1": 0.4,
        "support": 8
      },
      "2c": {
        "precision": 0.0,
        "recall": 0.0,
        "f1": 0.0,
        "support": 6
      },
      "2d": {
        "precision": 0.0,
        "recall": 0.0,
        "f1": 0.0,
        "support": 1
      },
      "3a": {
        "precision": 0.17647058823529413,
        "recall": 0.25,
        "f1": 0.20689655172413793,
        "support": 12
      },
      "3b": {
        "precision": 0.5294117647058824,
        "recall": 0.42857142857142855,
        "f1": 0.47368421052631576,
        "support": 21
      },
      "3c": {
        "precision": 0.8666666666666667,
        "recall": 0.65,
        "f1": 0.7428571428571429,
        "support": 20
      },
      "3d": {
        "precision": 0.0,
        "recall": 0.0,
        "f1": 0.0,
        "support": 0
      }
    }
  }
}