{
  "condition": "fine_tuned",
  "dataset": "validation",
  "research_question": "rq1",
  "total_articles": 10,
  "total_sentences": 204,
  "move_metrics": {
    "accuracy": 0.8382352941176471,
    "weighted_precision": 0.8333704693998811,
    "weighted_recall": 0.8382352941176471,
    "weighted_f1": 0.834356096810339,
    "per_class": {
      "1": {
        "precision": 0.873015873015873,
        "recall": 0.8943089430894309,
        "f1": 0.8835341365461847,
        "support": 123
      },
      "2": {
        "precision": 0.6818181818181818,
        "recall": 0.5357142857142857,
        "f1": 0.6,
        "support": 28
      },
      "3": {
        "precision": 0.8214285714285714,
        "recall": 0.8679245283018868,
        "f1": 0.8440366972477065,
        "support": 53
      }
    }
  },
  "step_metrics": {
    "accuracy": 0.45098039215686275,
    "weighted_precision": 0.45665715115848304,
    "weighted_recall": 0.45098039215686275,
    "weighted_f1": 0.4326843137042991,
    "per_class": {
      "1a": {
        "precision": 0.3333333333333333,
        "recall": 0.3333333333333333,
        "f1": 0.3333333333333333,
        "support": 15
      },
      "1b": {
        "precision": 0.5714285714285714,
        "recall": 0.38095238095238093,
        "f1": 0.45714285714285713,
        "support": 42
      },
      "1c": {
        "precision": 0.5662650602409639,
        "recall": 0.7121212121212122,
        "f1": 0.6308724832214765,
        "support": 66
      },
      "2a": {
        "precision": 0.0,
        "recall": 0.0,
        "f1": 0.0,
        "support": 13
      },
      "2b": {
        "precision": 0.26666666666666666,
        "recall": 0.5,
        "f1": 0.34782608695652173,
        "support": 8
      },
      "2c": {
        "precision": 0.0,
        "recall": 0.0,
        "f1": 0.0,
        "support": 6
      },
      "2d": {
        "precision": 0.0,
        "recall": 0.0,
        "f1": 0.0,
        "support": 1
      },
      "3a": {
        "precision": 0.2,
        "recall": 0.3333333333333333,
        "f1": 0.25,
        "support": 12
      },
      "3b": {
        "precision": 0.3793103448275862,
        "recall": 0.5238095238095238,
        "f1": 0.44,
        "support": 21
      },
      "3c": {
        "precision": 0.7142857142857143,
        "recall": 0.25,
        "f1": 0.37037037037037035,
        "support": 20
      },
      "3d": {
        "precision": 0.0,
        "recall": 0.0,
        "f1": 0.0,
        "support": 0
      }
    }
  }
}