{
  "condition": "three_shot",
  "dataset": "validation",
  "research_question": "rq1",
  "total_articles": 10,
  "total_sentences": 204,
  "move_metrics": {
    "accuracy": 0.8431372549019608,
    "weighted_precision": 0.8807105572029387,
    "weighted_recall": 0.8431372549019608,
    "weighted_f1": 0.8536393613759342,
    "per_class": {
      "1": {
        "precision": 0.9532710280373832,
        "recall": 0.8292682926829268,
        "f1": 0.8869565217391304,
        "support": 123
      },
      "2": {
        "precision": 0.5217391304347826,
        "recall": 0.8571428571428571,
        "f1": 0.6486486486486487,
        "support": 28
      },
      "3": {
        "precision": 0.9019607843137255,
        "recall": 0.8679245283018868,
        "f1": 0.8846153846153846,
        "support": 53
      }
    }
  },
  "step_metrics": {
    "accuracy": 0.47058823529411764,
    "weighted_precision": 0.5085133537419095,
    "weighted_recall": 0.47058823529411764,
    "weighted_f1": 0.47960961711846184,
    "per_class": {
      "1a": {
        "precision": 0.42857142857142855,
        "recall": 0.4,
        "f1": 0.41379310344827586,
        "support": 15
      },
      "1b": {
        "precision": 0.5,
        "recall": 0.4523809523809524,
        "f1": 0.475,
        "support": 42
      },
      "1c": {
        "precision": 0.6909090909090909,
        "recall": 0.5757575757575758,
        "f1": 0.628099173553719,
        "support": 66
      },
      "2a": {
        "precision": 0.0,
        "recall": 0.0,
        "f1": 0.0,
        "support": 13
      },
      "2b": {
        "precision": 0.17142857142857143,
        "recall": 0.75,
        "f1": 0.27906976744186046,
        "support": 8
      },
      "2c": {
        "precision": 0.1111111111111111,
        "recall": 0.16666666666666666,
        "f1": 0.13333333333333333,
        "support": 6
      },
      "2d": {
        "precision": 0.0,
        "recall": 0.0,
        "f1": 0.0,
        "support": 1
      },
      "3a": {
        "precision": 0.2857142857142857,
        "recall": 0.3333333333333333,
        "f1": 0.3076923076923077,
        "support": 12
      },
      "3b": {
        "precision": 0.47368421052631576,
        "recall": 0.42857142857142855,
        "f1": 0.45,
        "support": 21
      },
      "3c": {
        "precision": 0.7647058823529411,
        "recall": 0.65,
        "f1": 0.7027027027027027,
        "support": 20
      },
      "3d": {
        "precision": 0.0,
        "recall": 0.0,
        "f1": 0.0,
        "support": 0
      }
    }
  }
}