{
  "condition": "three_shot",
  "dataset": "validation",
  "research_question": "rq1",
  "total_articles": 10,
  "total_sentences": 204,
  "move_metrics": {
    "accuracy": 0.8137254901960784,
    "weighted_precision": 0.856300133647222,
    "weighted_recall": 0.8137254901960784,
    "weighted_f1": 0.8251347920967521,
    "per_class": {
      "1": {
        "precision": 0.941747572815534,
        "recall": 0.7886178861788617,
        "f1": 0.8584070796460177,
        "support": 123
      },
      "2": {
        "precision": 0.48936170212765956,
        "recall": 0.8214285714285714,
        "f1": 0.6133333333333333,
        "support": 28
      },
      "3": {
        "precision": 0.8518518518518519,
        "recall": 0.8679245283018868,
        "f1": 0.8598130841121495,
        "support": 53
      }
    }
  },
  "step_metrics": {
    "accuracy": 0.47058823529411764,
    "weighted_precision": 0.5268887769532764,
    "weighted_recall": 0.47058823529411764,
    "weighted_f1": 0.48932653629279727,
    "per_class": {
      "1a": {
        "precision": 0.4,
        "recall": 0.26666666666666666,
        "f1": 0.32,
        "support": 15
      },
      "1b": {
        "precision": 0.5555555555555556,
        "recall": 0.47619047619047616,
        "f1": 0.5128205128205128,
        "support": 42
      },
      "1c": {
        "precision": 0.7368421052631579,
        "recall": 0.6363636363636364,
        "f1": 0.6829268292682927,
        "support": 66
      },
      "2a": {
        "precision": 0.0,
        "recall": 0.0,
        "f1": 0.0,
        "support": 13
      },
      "2b": {
        "precision": 0.14814814814814814,
        "recall": 0.5,
        "f1": 0.22857142857142856,
        "support": 8
      },
      "2c": {
        "precision": 0.14285714285714285,
        "recall": 0.3333333333333333,
        "f1": 0.2,
        "support": 6
      },
      "2d": {
        "precision": 0.0,
        "recall": 0.0,
        "f1": 0.0,
        "support": 1
      },
      "3a": {
        "precision": 0.15789473684210525,
        "recall": 0.25,
        "f1": 0.1935483870967742,
        "support": 12
      },
      "3b": {
        "precision": 0.4444444444444444,
        "recall": 0.38095238095238093,
        "f1": 0.41025641025641024,
        "support": 21
      },
      "3c": {
        "precision": 0.8125,
        "recall": 0.65,
        "f1": 0.7222222222222222,
        "support": 20
      },
      "3d": {
        "precision": 0.0,
        "recall": 0.0,
        "f1": 0.0,
        "support": 0
      }
    }
  }
}