{
  "condition": "zero_shot",
  "dataset": "validation",
  "research_question": "rq1",
  "total_articles": 10,
  "total_sentences": 204,
  "move_metrics": {
    "accuracy": 0.8578431372549019,
    "weighted_precision": 0.8776006722512949,
    "weighted_recall": 0.8578431372549019,
    "weighted_f1": 0.8641640710287953,
    "per_class": {
      "1": {
        "precision": 0.923728813559322,
        "recall": 0.8861788617886179,
        "f1": 0.9045643153526971,
        "support": 123
      },
      "2": {
        "precision": 0.5641025641025641,
        "recall": 0.7857142857142857,
        "f1": 0.6567164179104478,
        "support": 28
      },
      "3": {
        "precision": 0.9361702127659575,
        "recall": 0.8301886792452831,
        "f1": 0.88,
        "support": 53
      }
    }
  },
  "step_metrics": {
    "accuracy": 0.5049019607843137,
    "weighted_precision": 0.5611404839713663,
    "weighted_recall": 0.5049019607843137,
    "weighted_f1": 0.5168713434218277,
    "per_class": {
      "1a": {
        "precision": 0.4375,
        "recall": 0.4666666666666667,
        "f1": 0.45161290322580644,
        "support": 15
      },
      "1b": {
        "precision": 0.5,
        "recall": 0.5,
        "f1": 0.5,
        "support": 42
      },
      "1c": {
        "precision": 0.7333333333333333,
        "recall": 0.6666666666666666,
        "f1": 0.6984126984126984,
        "support": 66
      },
      "2a": {
        "precision": 0.5,
        "recall": 0.07692307692307693,
        "f1": 0.13333333333333333,
        "support": 13
      },
      "2b": {
        "precision": 0.16,
        "recall": 0.5,
        "f1": 0.24242424242424243,
        "support": 8
      },
      "2c": {
        "precision": 0.0,
        "recall": 0.0,
        "f1": 0.0,
        "support": 6
      },
      "2d": {
        "precision": 0.0,
        "recall": 0.0,
        "f1": 0.0,
        "support": 1
      },
      "3a": {
        "precision": 0.35714285714285715,
        "recall": 0.4166666666666667,
        "f1": 0.38461538461538464,
        "support": 12
      },
      "3b": {
        "precision": 0.5714285714285714,
        "recall": 0.38095238095238093,
        "f1": 0.45714285714285713,
        "support": 21
      },
      "3c": {
        "precision": 0.7222222222222222,
        "recall": 0.65,
        "f1": 0.6842105263157895,
        "support": 20
      },
      "3d": {
        "precision": 0.0,
        "recall": 0.0,
        "f1": 0.0,
        "support": 0
      }
    }
  }
}