condition_zs,move,n_sentences_zs,n_runs_zs,mean_accuracy_zs,sd_accuracy_zs,cv_zs,median_zs,min_zs,max_zs,range_zs,condition_ft,n_sentences_ft,n_runs_ft,mean_accuracy_ft,sd_accuracy_ft,cv_ft,median_ft,min_ft,max_ft,range_ft,cv_diff,accuracy_diff,more_consistent
zero_shot,M1,29,50,0.8257627118644068,0.018132344045374373,2.1958298412912316,0.8305084745762712,0.7853107344632768,0.8587570621468926,0.07344632768361581,fine_tuned,29,50,0.8828248587570622,0.02887149038284173,3.270353127968121,0.8870056497175142,0.8022598870056498,0.9322033898305084,0.12994350282485867,-1.0745232866768895,-0.05706214689265543,Zero-shot
zero_shot,M2,22,50,0.7574358974358973,0.019527623348368987,2.578122243014186,0.7564102564102564,0.717948717948718,0.7948717948717948,0.07692307692307687,fine_tuned,22,50,0.5205128205128204,0.05263775774065903,10.112672669387697,0.5128205128205128,0.41025641025641024,0.6153846153846154,0.20512820512820518,-7.534550426373511,0.2369230769230769,Zero-shot
zero_shot,M3,21,50,0.848235294117647,0.00868799015085202,1.0242429442752035,0.8431372549019608,0.8431372549019608,0.8627450980392157,0.019607843137254943,fine_tuned,21,50,0.916470588235294,0.037956990871346755,4.1416485546398905,0.9215686274509803,0.8431372549019608,1.0,0.1568627450980392,-3.117405610364687,-0.06823529411764706,Zero-shot
