condition,move,n_sentences,n_runs,mean_accuracy,sd_accuracy,cv,median,min,max,range
fine_tuned,M1,29,50,0.8828248587570622,0.02887149038284173,3.270353127968121,0.8870056497175142,0.8022598870056498,0.9322033898305084,0.12994350282485867
fine_tuned,M2,22,50,0.5205128205128204,0.05263775774065903,10.112672669387697,0.5128205128205128,0.41025641025641024,0.6153846153846154,0.20512820512820518
fine_tuned,M3,21,50,0.916470588235294,0.037956990871346755,4.1416485546398905,0.9215686274509803,0.8431372549019608,1.0,0.1568627450980392
