condition,move,n_sentences,n_runs,mean_accuracy,sd_accuracy,cv,median,min,max,range
zero_shot,M1,29,50,0.8257627118644068,0.018132344045374373,2.1958298412912316,0.8305084745762712,0.7853107344632768,0.8587570621468926,0.07344632768361581
zero_shot,M2,22,50,0.7574358974358973,0.019527623348368987,2.578122243014186,0.7564102564102564,0.717948717948718,0.7948717948717948,0.07692307692307687
zero_shot,M3,21,50,0.848235294117647,0.00868799015085202,1.0242429442752035,0.8431372549019608,0.8431372549019608,0.8627450980392157,0.019607843137254943
